{
    "kappa": 0.015999935778462693,
    "eta": 0.05267775504841728,
    "gamma": 0.47757554079468945,
    "theta": 0.08111722290514678,
    "lam_arrival": 0.7591482062447644,
    "lambda_bar": 7.487572436265343
}