{
    "kappa": 62.12834622947681,
    "eta": 9.76030343149098,
    "theta": 0.13438623622098242,
    "lam_arrival": 0.4447025682128648
}