{
    "initial_price": 66.41,
    "beta_spread": 1.5,
    "empty_level_prob": 0.359,
    "lo_size_model": {
        "round_numbers": [
            100,
            200,
            300,
            400,
            500,
            600,
            700,
            800,
            900,
            1000
        ],
        "round_probs": [
            0.8113006125613197,
            0.10069979240965633,
            0.03546571769037534,
            0.03472668837761066,
            0.00746462324349713,
            0.003311107631930082,
            0.0019750878772066484,
            0.002314058836558541,
            0.001095942024218375,
            0.0016463693476272139
        ],
        "geometric_p": 0.0006833940305084307,
        "p_round": 0.9977444382950221
    },
    "mo_size_model": {
        "round_numbers": [
            1,
            2,
            3,
            4,
            5,
            10,
            25,
            50,
            100,
            200
        ],
        "round_probs": [
            0.17664229147070426,
            0.044591437327426646,
            0.030378978669174987,
            0.03246654731923415,
            0.033971538671602394,
            0.03378948326607398,
            0.05060533422338198,
            0.05401583882028097,
            0.4776709045119398,
            0.06586764572018085
        ],
        "geometric_p": 0.010231738727980527,
        "p_round": 0.542945351266219
    },
    "co_size_model": {
        "round_numbers": [
            99,
            100,
            200,
            300,
            400,
            500,
            600,
            700,
            800,
            1000
        ],
        "round_probs": [
            0.0020041129345307737,
            0.7853591791925986,
            0.1036531658501109,
            0.04493819069400413,
            0.04590118486259972,
            0.009032071503537716,
            0.002900918208158107,
            0.001508238754194789,
            0.0024158946663415093,
            0.002287043333923789
        ],
        "geometric_p": 0.0036614069351134865,
        "p_round": 0.9741251970622075
    },
    "u_shape_bins": {
        "0": 1.88,
        "1": 1.66,
        "2": 1.29,
        "3": 1.07,
        "4": 0.9,
        "5": 0.77,
        "6": 0.69,
        "7": 0.62,
        "8": 0.61,
        "9": 0.61,
        "10": 0.6,
        "11": 0.68,
        "12": 1.63
    },
    "mu_base": [
        1.3313493607988551,
        1.0690871810779323,
        0.10376391069492032,
        0.0,
        0.22116376681049077,
        1.3609042518896208,
        1.2761595107641768,
        0.09880867204264264
    ],
    "alpha_matrix": [
        [
            0.00028386946657738324,
            0.00024565893226245197,
            0.0,
            0.0,
            0.0,
            0.0,
            0.0,
            0.0
        ],
        [
            0.0016728918904222213,
            0.00013322971090470222,
            0.0,
            0.0027486358717875156,
            0.0004570627373897577,
            0.0,
            0.0,
            0.0
        ],
        [
            0.0,
            0.0,
            0.00019185650389724109,
            0.0,
            0.0,
            0.0,
            0.0,
            0.0
        ],
        [
            0.0,
            0.0,
            0.0,
            0.0006270247706172685,
            0.00010576376205650179,
            0.0,
            0.0,
            0.0
        ],
        [
            0.0,
            0.0,
            0.0,
            0.00014675238139867408,
            0.0007107972275405022,
            0.0,
            0.0,
            0.0
        ],
        [
            0.0,
            0.0,
            0.00012401413989794458,
            0.0,
            0.0,
            0.0003929587021524537,
            0.00011509336870110161,
            0.0
        ],
        [
            0.0,
            0.0,
            6.623251774796815e-05,
            0.0009355832363562681,
            0.0018517692201214962,
            0.0018930546245143098,
            8.586168505743604e-05,
            0.0
        ],
        [
            0.0,
            0.0,
            0.0,
            0.0,
            0.0,
            0.0,
            0.0,
            0.00012872044930183174
        ]
    ],
    "gamma_matrix": [
        [
            0.34568521865256774,
            0.4448334635939238,
            1.0,
            1.0,
            1.0,
            1.0,
            1.0,
            1.0
        ],
        [
            0.8886012821556732,
            0.9564189714656656,
            1.0,
            0.8505527399312389,
            0.278082116962352,
            1.0,
            1.0,
            1.0
        ],
        [
            1.0,
            1.0,
            0.41331352168034974,
            1.0,
            1.0,
            1.0,
            1.0,
            1.0
        ],
        [
            1.0,
            1.0,
            1.0,
            0.09653024348883332,
            0.0010000000000000002,
            1.0,
            1.0,
            1.0
        ],
        [
            1.0,
            1.0,
            1.0,
            0.058332442435043604,
            0.12714210927806377,
            1.0,
            1.0,
            1.0
        ],
        [
            1.0,
            1.0,
            0.17531071339039772,
            1.0,
            1.0,
            0.26619866864993735,
            0.15728192998350018,
            1.0
        ],
        [
            1.0,
            1.0,
            0.12463503012781345,
            0.8713909422819202,
            0.8424112949898902,
            0.8908564621412721,
            0.13960083981892535,
            1.0
        ],
        [
            1.0,
            1.0,
            1.0,
            1.0,
            1.0,
            1.0,
            1.0,
            0.33941733942574825
        ]
    ],
    "beta_matrix": [
        [
            1.999999999862431,
            1.9999999999999998,
            1.5,
            1.5,
            1.5,
            1.5,
            1.5,
            1.5
        ],
        [
            1.9999999999999998,
            1.0010000044193985,
            1.5,
            1.9999999999999993,
            1.9999999990285555,
            1.5,
            1.5,
            1.5
        ],
        [
            1.5,
            1.5,
            1.9999999999999998,
            1.5,
            1.5,
            1.5,
            1.5,
            1.5
        ],
        [
            1.5,
            1.5,
            1.5,
            1.9871350103726992,
            1.0010000000000001,
            1.5,
            1.5,
            1.5
        ],
        [
            1.5,
            1.5,
            1.5,
            1.9999999889963873,
            1.9999999999991311,
            1.5,
            1.5,
            1.5
        ],
        [
            1.5,
            1.5,
            1.9817754372859173,
            1.5,
            1.5,
            1.9999999999999465,
            1.9999999999998217,
            1.5
        ],
        [
            1.5,
            1.5,
            1.9999999998811187,
            1.9999999999999736,
            1.9999999999997666,
            1.9999999999999998,
            1.9299437598919487,
            1.5
        ],
        [
            1.5,
            1.5,
            1.5,
            1.5,
            1.5,
            1.5,
            1.5,
            1.9826230378724836
        ]
    ]
}