{
    "initial_price": 66.41,
    "beta_spread": 1.5,
    "empty_level_prob": 0.359,
    "lo_size_model": {
        "round_numbers": [
            100,
            200,
            300,
            400,
            500,
            600,
            700,
            800,
            900,
            1000
        ],
        "round_probs": [
            0.8113006125613197,
            0.10069979240965633,
            0.03546571769037534,
            0.03472668837761066,
            0.00746462324349713,
            0.003311107631930082,
            0.0019750878772066484,
            0.002314058836558541,
            0.001095942024218375,
            0.0016463693476272139
        ],
        "geometric_p": 0.0006833940305084307,
        "p_round": 0.9977444382950221
    },
    "mo_size_model": {
        "round_numbers": [
            1,
            2,
            3,
            4,
            5,
            10,
            25,
            50,
            100,
            200
        ],
        "round_probs": [
            0.17664229147070426,
            0.044591437327426646,
            0.030378978669174987,
            0.03246654731923415,
            0.033971538671602394,
            0.03378948326607398,
            0.05060533422338198,
            0.05401583882028097,
            0.4776709045119398,
            0.06586764572018085
        ],
        "geometric_p": 0.010231738727980527,
        "p_round": 0.542945351266219
    },
    "co_size_model": {
        "round_numbers": [
            99,
            100,
            200,
            300,
            400,
            500,
            600,
            700,
            800,
            1000
        ],
        "round_probs": [
            0.0020041129345307737,
            0.7853591791925986,
            0.1036531658501109,
            0.04493819069400413,
            0.04590118486259972,
            0.009032071503537716,
            0.002900918208158107,
            0.001508238754194789,
            0.0024158946663415093,
            0.002287043333923789
        ],
        "geometric_p": 0.0036614069351134865,
        "p_round": 0.9741251970622075
    },
    "u_shape_bins": {
        "0": 1.88,
        "1": 1.66,
        "2": 1.29,
        "3": 1.07,
        "4": 0.9,
        "5": 0.77,
        "6": 0.69,
        "7": 0.62,
        "8": 0.61,
        "9": 0.61,
        "10": 0.6,
        "11": 0.68,
        "12": 1.63
    },
    "mu_base": [
        1.3313808070753155,
        1.141895410039921,
        0.10378045022635797,
        0.0,
        0.2215456584558227,
        1.361771967265352,
        1.0894564657789003,
        0.09881679709776642
    ],
    "alpha_matrix": [
        [
            0.0002789158377515961,
            0.00021199839482098672,
            0.0,
            0.0,
            0.0,
            0.0,
            0.0,
            0.0
        ],
        [
            0.0015859632569654627,
            6.902377603957561e-05,
            0.0,
            0.002671901527880274,
            0.0006386151260802829,
            0.0,
            0.0,
            0.0
        ],
        [
            0.0,
            0.0,
            0.00017747659617436067,
            0.0,
            0.0,
            0.0,
            0.0,
            0.0
        ],
        [
            0.0,
            0.0,
            0.0,
            0.0005274513786043478,
            9.191675761159693e-05,
            0.0,
            0.0,
            0.0
        ],
        [
            0.0,
            0.0,
            0.0,
            0.00012421857366765423,
            0.0006287510250227613,
            0.0,
            0.0,
            0.0
        ],
        [
            0.0,
            0.0,
            0.00012823125497211916,
            0.0,
            0.0,
            0.00034982523926379975,
            0.00011695061039246208,
            0.0
        ],
        [
            0.0,
            0.0,
            0.00010192320021918638,
            0.0006576583439206001,
            0.0018511682698117875,
            0.0017134126337043853,
            0.0001274552875533513,
            0.0
        ],
        [
            0.0,
            0.0,
            0.0,
            0.0,
            0.0,
            0.0,
            0.0,
            0.00012346978792450377
        ]
    ],
    "gamma_matrix": [
        [
            0.5478258736075112,
            0.05525755874917273,
            1.0,
            1.0,
            1.0,
            1.0,
            1.0,
            1.0
        ],
        [
            0.13376936883858073,
            0.01698803381336255,
            1.0,
            0.13626417147845488,
            1.4016651267364024,
            1.0,
            1.0,
            1.0
        ],
        [
            1.0,
            1.0,
            0.06468219404766312,
            1.0,
            1.0,
            1.0,
            1.0,
            1.0
        ],
        [
            1.0,
            1.0,
            1.0,
            0.011833768406419686,
            0.0010000000000018683,
            1.0,
            1.0,
            1.0
        ],
        [
            1.0,
            1.0,
            1.0,
            0.004741772252031743,
            0.019988489688098583,
            1.0,
            1.0,
            1.0
        ],
        [
            1.0,
            1.0,
            0.11227611803788733,
            1.0,
            1.0,
            0.04102545341764721,
            0.07700771112669548,
            1.0
        ],
        [
            1.0,
            1.0,
            0.9474466823208009,
            0.7323894200784047,
            0.15579354952508306,
            0.12780905849034813,
            0.9196784603585585,
            1.0
        ],
        [
            1.0,
            1.0,
            1.0,
            1.0,
            1.0,
            1.0,
            1.0,
            0.2539514287140025
        ]
    ],
    "beta_matrix": [
        [
            1.5562172714629239,
            9.999999999969736,
            1.5,
            1.5,
            1.5,
            1.5,
            1.5,
            1.5
        ],
        [
            9.999999999871592,
            9.999999999981299,
            1.5,
            9.999999999685132,
            1.0010000000078076,
            1.5,
            1.5,
            1.5
        ],
        [
            1.5,
            1.5,
            9.99999999997538,
            1.5,
            1.5,
            1.5,
            1.5,
            1.5
        ],
        [
            1.5,
            1.5,
            1.5,
            9.999999999448324,
            1.0010000000000001,
            1.5,
            1.5,
            1.5
        ],
        [
            1.5,
            1.5,
            1.5,
            9.984624292671592,
            9.999999999774587,
            1.5,
            1.5,
            1.5
        ],
        [
            1.5,
            1.5,
            2.8553465640852105,
            1.5,
            1.5,
            9.999999524183913,
            3.4266468287160747,
            1.5
        ],
        [
            1.5,
            1.5,
            1.0010002643278773,
            1.7765790311898926,
            9.99999995214417,
            9.99999999956059,
            1.0010000000242902,
            1.5
        ],
        [
            1.5,
            1.5,
            1.5,
            1.5,
            1.5,
            1.5,
            1.5,
            2.600653050818159
        ]
    ]
}