{
    "initial_price": 66.49,
    "order_size_model": {
        "round_numbers": [
            1,
            10,
            50,
            100,
            200,
            500
        ],
        "round_probs": [
            0.02616286905889759,
            0.002458202019078262,
            0.003077945260903379,
            0.5555907681869816,
            0.3019677944985072,
            0.11074242097563192
        ],
        "geometric_p": 2.5224942070582915e-05,
        "p_round": 0.19040506794256898
    },
    "u_shape_bins": {
        "0": 1.76,
        "1": 1.66,
        "2": 1.3,
        "3": 1.1,
        "4": 0.94,
        "5": 0.81,
        "6": 0.72,
        "7": 0.65,
        "8": 0.63,
        "9": 0.63,
        "10": 0.64,
        "11": 0.71,
        "12": 1.45
    },
    "mu_base": [
        0.0,
        0.0,
        12.271148398594113,
        19.969870666942878,
        0.8513963998904714,
        8.130460556204232,
        8.067954123365936,
        12.28056567901879,
        19.525863947925224,
        0.8225154050556457,
        0.0,
        0.0
    ],
    "alpha_matrix": [
        [
            0.0,
            0.0,
            0.0,
            0.0,
            0.0,
            0.0,
            0.0,
            0.0,
            0.0,
            0.0,
            0.0,
            0.0
        ],
        [
            0.0,
            0.0,
            0.0,
            0.0,
            0.0,
            0.0,
            0.0,
            0.0,
            0.0,
            0.0,
            0.0,
            0.0
        ],
        [
            0.0,
            0.0,
            0.0,
            0.0,
            0.005069961709561155,
            0.0,
            0.0,
            0.0,
            0.0,
            0.00613627514824448,
            0.0,
            0.0
        ],
        [
            0.0,
            0.0,
            0.012202268883261655,
            0.0,
            0.004984843381484131,
            0.00908122723345042,
            0.008001731040361577,
            0.0,
            0.0,
            0.006099664814102213,
            0.0,
            0.0
        ],
        [
            0.0,
            0.0,
            0.0,
            0.0,
            0.05183206505778466,
            0.0,
            0.0,
            0.0,
            0.0,
            0.0,
            0.0,
            0.0
        ],
        [
            0.0,
            0.0,
            0.0,
            0.0,
            0.0,
            0.011993883629222542,
            0.0,
            0.0,
            0.0,
            0.0,
            0.0,
            0.0
        ],
        [
            0.0,
            0.0,
            0.0,
            0.0,
            0.0,
            0.0,
            0.018089242936350735,
            0.0,
            0.0,
            0.0,
            0.0,
            0.0
        ],
        [
            0.0,
            0.0,
            0.0,
            0.0,
            0.006786367408209606,
            0.0,
            0.0,
            0.0,
            0.0,
            0.0058530965515902625,
            0.0,
            0.0
        ],
        [
            0.0,
            0.0,
            0.0,
            0.007104918302982694,
            0.007267218526624136,
            0.0059335677299577425,
            0.008897519809246567,
            0.005340088324361623,
            0.005039996581912409,
            0.0,
            0.0,
            0.0
        ],
        [
            0.0,
            0.0,
            0.0,
            0.0,
            0.0,
            0.0,
            0.0,
            0.0,
            0.0,
            0.030128005239596523,
            0.0,
            0.0
        ],
        [
            0.0,
            0.0,
            0.0,
            0.0,
            0.0,
            0.0,
            0.0,
            0.0,
            0.0,
            0.0,
            0.0,
            0.0
        ],
        [
            0.0,
            0.0,
            0.0,
            0.0,
            0.0,
            0.0,
            0.0,
            0.0,
            0.0,
            0.0,
            0.0,
            0.0
        ]
    ],
    "gamma_matrix": [
        [
            1.0,
            1.0,
            1.0,
            1.0,
            1.0,
            1.0,
            1.0,
            1.0,
            1.0,
            1.0,
            1.0,
            1.0
        ],
        [
            1.0,
            1.0,
            1.0,
            1.0,
            1.0,
            1.0,
            1.0,
            1.0,
            1.0,
            1.0,
            1.0,
            1.0
        ],
        [
            1.0,
            1.0,
            1.0,
            1.0,
            0.03416551736123861,
            1.0,
            1.0,
            1.0,
            1.0,
            0.04252663671984151,
            1.0,
            1.0
        ],
        [
            1.0,
            1.0,
            0.09448684410489866,
            1.0,
            0.07302033968066926,
            0.25303221624858363,
            0.2755221554196799,
            1.0,
            1.0,
            0.05253728113707426,
            1.0,
            1.0
        ],
        [
            1.0,
            1.0,
            1.0,
            1.0,
            0.3807248006463673,
            1.0,
            1.0,
            1.0,
            1.0,
            1.0,
            1.0,
            1.0
        ],
        [
            1.0,
            1.0,
            1.0,
            1.0,
            1.0,
            0.04909929842947214,
            1.0,
            1.0,
            1.0,
            1.0,
            1.0,
            1.0
        ],
        [
            1.0,
            1.0,
            1.0,
            1.0,
            1.0,
            1.0,
            0.054771285677107574,
            1.0,
            1.0,
            1.0,
            1.0,
            1.0
        ],
        [
            1.0,
            1.0,
            1.0,
            1.0,
            0.24101811546363738,
            1.0,
            1.0,
            1.0,
            1.0,
            0.05359303074959078,
            1.0,
            1.0
        ],
        [
            1.0,
            1.0,
            1.0,
            0.1371172916175574,
            0.03872942205946279,
            0.049443926976481804,
            0.23071198733850645,
            0.040406598240333026,
            0.08031341024066144,
            1.0,
            1.0,
            1.0
        ],
        [
            1.0,
            1.0,
            1.0,
            1.0,
            1.0,
            1.0,
            1.0,
            1.0,
            1.0,
            0.33375040395777844,
            1.0,
            1.0
        ],
        [
            1.0,
            1.0,
            1.0,
            1.0,
            1.0,
            1.0,
            1.0,
            1.0,
            1.0,
            1.0,
            1.0,
            1.0
        ],
        [
            1.0,
            1.0,
            1.0,
            1.0,
            1.0,
            1.0,
            1.0,
            1.0,
            1.0,
            1.0,
            1.0,
            1.0
        ]
    ],