{
    "initial_price": 89.36,
    "beta_spread": 0.746,
    "empty_level_prob": 0.717,
    "lo_size_model": {
        "round_numbers": [
            100,
            200,
            300,
            400,
            500,
            600,
            700,
            800,
            900,
            1000
        ],
        "round_probs": [
            0.9401103936083389,
            0.03561201259186683,
            0.011189190958237793,
            0.006180876153385138,
            0.002745521971334889,
            0.001506483093230133,
            0.0008524464753613821,
            0.0007174459537684577,
            0.0005318202365781867,
            0.0005538089578982464
        ],
        "geometric_p": 0.0005519473650807083,
        "p_round": 0.9986339655902315
    },
    "mo_size_model": {
        "round_numbers": [
            1,
            2,
            3,
            4,
            5,
            6,
            10,
            20,
            50,
            100
        ],
        "round_probs": [
            0.21465444258605382,
            0.061223646988374736,
            0.03989345227033389,
            0.03677548576266287,
            0.05688740217638192,
            0.032356645811394,
            0.05653637283445869,
            0.040316752359123666,
            0.03433892915401929,
            0.42701687005719713
        ],
        "geometric_p": 0.011332192308844196,
        "p_round": 0.4865720227868704
    },
    "co_size_model": {
        "round_numbers": [
            90,
            95,
            98,
            99,
            100,
            200,
            300,
            400,
            500,
            600
        ],
        "round_probs": [
            0.0011049888221093022,
            0.0009930610750421961,
            0.0012163212088196684,
            0.002815459127023109,
            0.940853925359672,
            0.03682958702828855,
            0.008597598911681268,
            0.004424718171291128,
            0.0020653050775308024,
            0.001099035218541903
        ],
        "geometric_p": 0.005567412942081545,
        "p_round": 0.9661346274527173
    },
    "u_shape_bins": {
        "0": 1.44,
        "1": 1.3,
        "2": 0.99,
        "3": 0.94,
        "4": 0.84,
        "5": 0.74,
        "6": 0.78,
        "7": 0.76,
        "8": 0.75,
        "9": 0.77,
        "10": 0.71,
        "11": 0.9,
        "12": 2.09
    },
    "mu_base": [
        0.2855286166525778,
        0.5060800714029918,
        0.06445408152892385,
        0.2768292047193656,
        0.2829015400942795,
        0.304615867057375,
        0.4969763781617725,
        0.06472205625201316
    ],
    "alpha_matrix": [
        [
            0.01707745905085861,
            0.01802708991467987,
            0.0,
            0.0,
            0.0,
            0.0,
            0.0,
            0.0
        ],
        [
            0.08692389106057916,
            0.004505535851760936,
            0.0,
            0.1326313535559521,
            0.0,
            0.0,
            0.0,
            0.0
        ],
        [
            0.0,
            0.0,
            0.007285730516726695,
            0.0,
            0.0,
            0.0,
            0.0,
            0.0
        ],
        [
            0.0,
            0.03465626820701531,
            0.0,
            0.01541330882756682,
            0.0,
            0.0,
            0.0,
            0.0
        ],
        [
            0.0,
            0.0,
            0.0,
            0.0,
            0.015323916658809207,
            0.0,
            0.029995929767385975,
            0.0
        ],
        [
            0.0,
            0.0,
            0.0,
            0.0,
            0.0,
            0.022184449856526945,
            0.0,
            0.0
        ],
        [
            0.0,
            0.0,
            0.0,
            0.0,
            0.12218265634429501,
            0.08150378895792328,
            0.003925886644840275,
            0.0
        ],
        [
            0.0,
            0.0,
            0.0,
            0.0,
            0.0,
            0.0,
            0.0,
            0.007590783353305366
        ]
    ],
    "gamma_matrix": [
        [
            0.016650640931867695,
            0.15315875676112642,
            1.0,
            1.0,
            1.0,
            1.0,
            1.0,
            1.0
        ],
        [
            0.11989559470943915,
            0.017004476840305597,
            1.0,
            0.14932076256335094,
            1.0,
            1.0,
            1.0,
            1.0
        ],
        [
            1.0,
            1.0,
            0.8332673560610429,
            1.0,
            1.0,
            1.0,
            1.0,
            1.0
        ],
        [
            1.0,
            0.1138695944109712,
            1.0,
            0.02154603741170397,
            1.0,
            1.0,
            1.0,
            1.0
        ],
        [
            1.0,
            1.0,
            1.0,
            1.0,
            0.021925851596426675,
            1.0,
            0.12532638471811514,
            1.0
        ],
        [
            1.0,
            1.0,
            1.0,
            1.0,
            1.0,
            0.03069336467991732,
            1.0,
            1.0
        ],
        [
            1.0,
            1.0,
            1.0,
            1.0,
            0.12102310770238595,
            0.11835798109755585,
            0.012244018244156614,
            1.0
        ],
        [
            1.0,
            1.0,
            1.0,
            1.0,
            1.0,
            1.0,
            1.0,
            0.38936426397017837
        ]
    ],
    "beta_matrix": [
        [
            9.999999999960552,
            9.999999999996186,
            1.5,
            1.5,
            1.5,
            1.5,
            1.5,
            1.5
        ],
        [
            9.999999997879206,
            9.999999994036957,
            1.5,
            9.999999997026633,
            1.5,
            1.5,
            1.5,
            1.5
        ],
        [
            1.5,
            1.5,
            1.2655420402108273,
            1.5,
            1.5,
            1.5,
            1.5,
            1.5
        ],
        [
            1.5,
            9.999999999968837,
            1.5,
            9.999999999985791,
            1.5,
            1.5,
            1.5,
            1.5
        ],
        [
            1.5,
            1.5,
            1.5,
            1.5,
            9.999999999966917,
            1.5,
            9.999999999999998,
            1.5
        ],
        [
            1.5,
            1.5,
            1.5,
            1.5,
            1.5,
            9.999999999959252,
            1.5,
            1.5
        ],
        [
            1.5,
            1.5,
            1.5,
            1.5,
            9.999999997524535,
            9.999999999138911,
            9.999997527831177,
            1.5
        ],
        [
            1.5,
            1.5,
            1.5,
            1.5,
            1.5,
            1.5,
            1.5,
            1.8335564187766775
        ]
    ]
}