{
    "initial_price": 89.48,
    "order_size_model": {
        "round_numbers": [
            1,
            10,
            50,
            100,
            200,
            500
        ],
        "round_probs": [
            0.00644839628544205,
            0.001402080433142839,
            0.0009780475583585234,
            0.8000522674209024,
            0.152172238258029,
            0.03894697004412514
        ],
        "geometric_p": 5.646521601557373e-05,
        "p_round": 0.3469745895074323
    },
    "u_shape_bins": {
        "0": 1.56,
        "1": 1.33,
        "2": 1.01,
        "3": 0.97,
        "4": 0.87,
        "5": 0.8,
        "6": 0.83,
        "7": 0.79,
        "8": 0.78,
        "9": 0.77,
        "10": 0.75,
        "11": 0.89,
        "12": 1.66
    },
    "mu_base": [
        0.0,
        0.0,
        0.7771533607738933,
        7.5301806814719265,
        0.2025090401966993,
        6.766095085470085,
        6.684676108805249,
        0.7521730324220267,
        7.457443165409062,
        0.21922972039778463,
        0.0,
        0.0
    ],
    "alpha_matrix": [
        [
            0.0,
            0.0,
            0.0,
            0.0,
            0.0,
            0.0,
            0.0,
            0.0,
            0.0,
            0.0,
            0.0,
            0.0
        ],
        [
            0.0,
            0.0,
            0.0,
            0.0,
            0.0,
            0.0,
            0.0,
            0.0,
            0.0,
            0.0,
            0.0,
            0.0
        ],
        [
            0.0,
            0.0,
            0.028767342812609883,
            0.0,
            0.0,
            0.0,
            0.0,
            0.0,
            0.0,
            0.02408732998989403,
            0.0,
            0.0
        ],
        [
            0.0,
            0.0,
            0.02654244938135218,
            0.0,
            0.0,
            0.0,
            0.0,
            0.004274850823850775,
            0.0,
            0.008637823436710096,
            0.0,
            0.0
        ],
        [
            0.0,
            0.0,
            0.0,
            0.0,
            0.027607211207525125,
            0.0,
            0.0,
            0.0,
            0.0,
            0.0,
            0.0,
            0.0
        ],
        [
            0.0,
            0.0,
            0.0,
            0.0,
            0.0,
            0.0,
            0.0,
            0.0,
            0.0,
            0.0,
            0.0,
            0.0
        ],
        [
            0.0,
            0.0,
            0.0,
            0.0,
            0.0,
            0.0,
            0.0,
            0.0,
            0.009688706507997148,
            0.0,
            0.0,
            0.0
        ],
        [
            0.0,
            0.0,
            0.0,
            0.0,
            0.0033895808489495536,
            0.0,
            0.0,
            0.03320189732662851,
            0.0,
            0.008910240319463221,
            0.0,
            0.0
        ],
        [
            0.0,
            0.0,
            0.005643910432882091,
            0.0,
            0.007451254342449287,
            0.0,
            0.009869863849206606,
            0.025393307941137835,
            0.0,
            0.006936570364153644,
            0.0,
            0.0
        ],
        [
            0.0,
            0.0,
            0.0,
            0.0,
            0.0,
            0.0,
            0.0,
            0.0,
            0.0,
            0.042134147979661134,
            0.0,
            0.0
        ],
        [
            0.0,
            0.0,
            0.0,
            0.0,
            0.0,
            0.0,
            0.0,
            0.0,
            0.0,
            0.0,
            0.0,
            0.0
        ],
        [
            0.0,
            0.0,
            0.0,
            0.0,
            0.0,
            0.0,
            0.0,
            0.0,
            0.0,
            0.0,
            0.0,
            0.0
        ]
    ],
    "gamma_matrix": [
        [
            1.0,
            1.0,
            1.0,
            1.0,
            1.0,
            1.0,
            1.0,
            1.0,
            1.0,
            1.0,
            1.0,
            1.0
        ],
        [
            1.0,
            1.0,
            1.0,
            1.0,
            1.0,
            1.0,
            1.0,
            1.0,
            1.0,
            1.0,
            1.0,
            1.0
        ],
        [
            1.0,
            1.0,
            0.08964488550423387,
            1.0,
            1.0,
            1.0,
            1.0,
            1.0,
            1.0,
            0.05867696981847509,
            1.0,
            1.0
        ],
        [
            1.0,
            1.0,
            0.11724094848564924,
            1.0,
            1.0,
            1.0,
            1.0,
            0.15576818830128472,
            1.0,
            0.05047335318149333,
            1.0,
            1.0
        ],
        [
            1.0,
            1.0,
            1.0,
            1.0,
            0.44591056401421875,
            1.0,
            1.0,
            1.0,
            1.0,
            1.0,
            1.0,
            1.0
        ],
        [
            1.0,
            1.0,
            1.0,
            1.0,
            1.0,
            1.0,
            1.0,
            1.0,
            1.0,
            1.0,
            1.0,
            1.0
        ],
        [
            1.0,
            1.0,
            1.0,
            1.0,
            1.0,
            1.0,
            1.0,
            1.0,
            0.1494486718482696,
            1.0,
            1.0,
            1.0
        ],
        [
            1.0,
            1.0,
            1.0,
            1.0,
            0.017523583464552527,
            1.0,
            1.0,
            0.13378828717574917,
            1.0,
            0.007301334564936221,
            1.0,
            1.0
        ],
        [
            1.0,
            1.0,
            0.0360111469552122,
            1.0,
            0.4091090356822295,
            1.0,
            0.17938403143198445,
            0.16004323997581077,
            1.0,
            0.040446015259589956,
            1.0,
            1.0
        ],
        [
            1.0,
            1.0,
            1.0,
            1.0,
            1.0,
            1.0,
            1.0,
            1.0,
            1.0,
            0.03780942173754068,
            1.0,
            1.0
        ],
        [
            1.0,
            1.0,
            1.0,
            1.0,
            1.0,
            1.0,
            1.0,
            1.0,
            1.0,
            1.0,
            1.0,
            1.0
        ],
        [
            1.0,
            1.0,
            1.0,
            1.0,
            1.0,
            1.0,
            1.0,
            1.0,
            1.0,
            1.0,
            1.0,
            1.0
        ]
    ],