{
    "initial_price": 89.36,
    "beta_spread": 0.746,
    "empty_level_prob": 0.717,
    "lo_size_model": {
        "round_numbers": [
            100,
            200,
            300,
            400,
            500,
            600,
            700,
            800,
            900,
            1000
        ],
        "round_probs": [
            0.9401103936083389,
            0.03561201259186683,
            0.011189190958237793,
            0.006180876153385138,
            0.002745521971334889,
            0.001506483093230133,
            0.0008524464753613821,
            0.0007174459537684577,
            0.0005318202365781867,
            0.0005538089578982464
        ],
        "geometric_p": 0.0005519473650807083,
        "p_round": 0.9986339655902315
    },
    "mo_size_model": {
        "round_numbers": [
            1,
            2,
            3,
            4,
            5,
            6,
            10,
            20,
            50,
            100
        ],
        "round_probs": [
            0.21465444258605382,
            0.061223646988374736,
            0.03989345227033389,
            0.03677548576266287,
            0.05688740217638192,
            0.032356645811394,
            0.05653637283445869,
            0.040316752359123666,
            0.03433892915401929,
            0.42701687005719713
        ],
        "geometric_p": 0.011332192308844196,
        "p_round": 0.4865720227868704
    },
    "co_size_model": {
        "round_numbers": [
            90,
            95,
            98,
            99,
            100,
            200,
            300,
            400,
            500,
            600
        ],
        "round_probs": [
            0.0011049888221093022,
            0.0009930610750421961,
            0.0012163212088196684,
            0.002815459127023109,
            0.940853925359672,
            0.03682958702828855,
            0.008597598911681268,
            0.004424718171291128,
            0.0020653050775308024,
            0.001099035218541903
        ],
        "geometric_p": 0.005567412942081545,
        "p_round": 0.9661346274527173
    },
    "u_shape_bins": {
        "0": 1.44,
        "1": 1.3,
        "2": 0.99,
        "3": 0.94,
        "4": 0.84,
        "5": 0.74,
        "6": 0.78,
        "7": 0.76,
        "8": 0.75,
        "9": 0.77,
        "10": 0.71,
        "11": 0.9,
        "12": 2.09
    },
    "mu_base": [
        0.27239901372151176,
        0.4722732319344307,
        0.06506542815478951,
        0.26145092494921873,
        0.2554013863237844,
        0.29071273359999134,
        0.4636402912983689,
        0.06475037384434354
    ],
    "alpha_matrix": [
        [
            0.019116535372967165,
            0.01425794608000837,
            0.0,
            0.0,
            0.0,
            0.0,
            0.0,
            0.0
        ],
        [
            0.0884360934030232,
            0.0045151879221181,
            0.0,
            0.13047224068019223,
            0.0,
            0.0,
            0.0,
            0.0
        ],
        [
            0.0,
            0.0,
            0.007738507246173661,
            0.0,
            0.0,
            0.0,
            0.0,
            0.0
        ],
        [
            0.0,
            0.03013906269138953,
            0.0,
            0.018858974885786094,
            0.0,
            0.0,
            0.0,
            0.0
        ],
        [
            0.0,
            0.0,
            0.0,
            0.0,
            0.012257748146822034,
            0.0,
            0.0323877665542703,
            0.0
        ],
        [
            0.0,
            0.0,
            0.0,
            0.0,
            0.0,
            0.023044084074453595,
            0.0,
            0.0
        ],
        [
            0.0,
            0.0,
            0.0,
            0.0,
            0.11823954624168236,
            0.08625274926795555,
            0.0052138284682823905,
            0.0
        ],
        [
            0.0,
            0.0,
            0.0,
            0.0,
            0.0,
            0.0,
            0.0,
            0.007656924102159437
        ]
    ],
    "gamma_matrix": [
        [
            0.12629155614964663,
            0.9919846300072012,
            1.0,
            1.0,
            1.0,
            1.0,
            1.0,
            1.0
        ],
        [
            0.8487545307983168,
            0.091289802970855,
            1.0,
            0.9110091404134125,
            1.0,
            1.0,
            1.0,
            1.0
        ],
        [
            1.0,
            1.0,
            0.728163225770862,
            1.0,
            1.0,
            1.0,
            1.0,
            1.0
        ],
        [
            1.0,
            0.6693491336202335,
            1.0,
            0.17627716459899428,
            1.0,
            1.0,
            1.0,
            1.0
        ],
        [
            1.0,
            1.0,
            1.0,
            1.0,
            0.09252700829311837,
            1.0,
            0.7452348214671028,
            1.0
        ],
        [
            1.0,
            1.0,
            1.0,
            1.0,
            1.0,
            0.18844625350821217,
            1.0,
            1.0
        ],
        [
            1.0,
            1.0,
            1.0,
            1.0,
            0.7909844424478815,
            0.874120217184436,
            0.08737005073251168,
            1.0
        ],
        [
            1.0,
            1.0,
            1.0,
            1.0,
            1.0,
            1.0,
            1.0,
            0.3343385745760521
        ]
    ],
    "beta_matrix": [
        [
            1.9999999999992866,
            1.9999999999998705,
            1.5,
            1.5,
            1.5,
            1.5,
            1.5,
            1.5
        ],
        [
            1.9999999999999998,
            1.9999999998727254,
            1.5,
            1.9999999999999998,
            1.5,
            1.5,
            1.5,
            1.5
        ],
        [
            1.5,
            1.5,
            1.4473848738998072,
            1.5,
            1.5,
            1.5,
            1.5,
            1.5
        ],
        [
            1.5,
            1.9999999999999998,
            1.5,
            1.999999999999999,
            1.5,
            1.5,
            1.5,
            1.5
        ],
        [
            1.5,
            1.5,
            1.5,
            1.5,
            1.9999999999999993,
            1.5,
            1.9999999999999998,
            1.5
        ],
        [
            1.5,
            1.5,
            1.5,
            1.5,
            1.5,
            1.9999999999999887,
            1.5,
            1.5
        ],
        [
            1.5,
            1.5,
            1.5,
            1.5,
            1.9999999999972236,
            1.9999999999999998,
            1.9999999999860791,
            1.5
        ],
        [
            1.5,
            1.5,
            1.5,
            1.5,
            1.5,
            1.5,
            1.5,
            1.9974247407037444
        ]
    ]
}