{
    "initial_price": 280.87,
    "beta_spread": 0.215,
    "empty_level_prob": 0.962,
    "lo_size_model": {
        "round_numbers": [
            40,
            80,
            100,
            120,
            160,
            200,
            240,
            280,
            300,
            400
        ],
        "round_probs": [
            0.5656872574618791,
            0.06704961843073327,
            0.3213891573738802,
            0.015450309438970557,
            0.005322314228422222,
            0.015489981101862404,
            0.0010954788730362527,
            0.0009097433604062378,
            0.0029293916530821274,
            0.004676748077727607
        ],
        "geometric_p": 0.0014739454094292806,
        "p_round": 0.995719436344571
    },
    "mo_size_model": {
        "round_numbers": [
            1,
            2,
            3,
            4,
            5,
            10,
            20,
            40,
            80,
            100
        ],
        "round_probs": [
            0.22547818712899276,
            0.0642042777725431,
            0.04601903326109488,
            0.04334306982003203,
            0.057872420616225384,
            0.05973805709978328,
            0.054706492038066525,
            0.23714312635447093,
            0.04995759917082823,
            0.16153773673796287
        ],
        "geometric_p": 0.01664850247600624,
        "p_round": 0.5205053507145729
    },
    "co_size_model": {
        "round_numbers": [
            20,
            39,
            40,
            80,
            100,
            120,
            160,
            200,
            300,
            400
        ],
        "round_probs": [
            0.0013863806153646546,
            0.0018383930122231687,
            0.5778340235590536,
            0.04858400838734114,
            0.3308824914253667,
            0.01012842592960744,
            0.007924865494922185,
            0.016028652563600865,
            0.0022171626595907197,
            0.0031755963529296054
        ],
        "geometric_p": 0.007827326003231628,
        "p_round": 0.9679345585874637
    },
    "u_shape_bins": {
        "0": 1.52,
        "1": 1.22,
        "2": 1.04,
        "3": 0.97,
        "4": 0.81,
        "5": 0.75,
        "6": 0.72,
        "7": 0.66,
        "8": 0.67,
        "9": 0.69,
        "10": 0.75,
        "11": 0.9,
        "12": 2.3
    },
    "mu_base": [
        0.11745326301045904,
        0.3406196157692269,
        0.019182747178093644,
        0.26133825506588526,
        0.24446826707455294,
        0.10434684533378354,
        0.31370525687132167,
        0.03469112250580015
    ],
    "alpha_matrix": [
        [
            0.002094530815140525,
            0.0,
            0.0,
            0.0,
            0.0,
            0.0,
            0.0,
            0.0007905551502184092
        ],
        [
            0.0038375895606375127,
            0.0003185368477557095,
            0.0,
            0.004190962825092637,
            0.0,
            0.0,
            0.0,
            0.0
        ],
        [
            0.0,
            0.0,
            0.0002972494512315658,
            0.0,
            0.0,
            0.0,
            0.0,
            0.0
        ],
        [
            0.0,
            0.002504600380865281,
            0.0,
            0.0008211188761983092,
            0.0,
            0.0,
            0.0,
            0.0006820503785925524
        ],
        [
            0.0,
            0.0,
            0.00021853241166427172,
            0.0,
            0.0008598765313439104,
            0.0,
            0.0023520145828142226,
            0.0
        ],
        [
            0.0,
            0.0,
            0.0003609468247468661,
            0.0,
            0.0,
            0.0022481727729990373,
            0.0,
            0.0
        ],
        [
            0.0,
            0.0,
            0.0,
            0.0,
            0.004267282741660561,
            0.004482400598699288,
            0.000256827964992931,
            0.0
        ],
        [
            0.0,
            0.0,
            0.0,
            0.0,
            0.0,
            0.0,
            0.0,
            0.0001982639917021333
        ]
    ],
    "gamma_matrix": [
        [
            0.12001223797366259,
            1.0,
            1.0,
            1.0,
            1.0,
            1.0,
            1.0,
            0.18498641384972234
        ],
        [
            0.08506102283736379,
            0.22985511222452212,
            1.0,
            0.09506089271083737,
            1.0,
            1.0,
            1.0,
            1.0
        ],
        [
            1.0,
            1.0,
            0.6997683927709747,
            1.0,
            1.0,
            1.0,
            1.0,
            1.0
        ],
        [
            1.0,
            0.08398773689892157,
            1.0,
            0.017646471665229996,
            1.0,
            1.0,
            1.0,
            2.013238285116537
        ],
        [
            1.0,
            1.0,
            0.03350920845007554,
            1.0,
            0.02330518594418952,
            1.0,
            0.224861348299156,
            1.0
        ],
        [
            1.0,
            1.0,
            1.2626865281777062,
            1.0,
            1.0,
            0.28441387541310825,
            1.0,
            1.0
        ],
        [
            1.0,
            1.0,
            1.0,
            1.0,
            0.09689788938399156,
            0.1372411021786298,
            0.018861201486675406,
            1.0
        ],
        [
            1.0,
            1.0,
            1.0,
            1.0,
            1.0,
            1.0,
            1.0,
            0.28249194728101557
        ]
    ],
    "beta_matrix": [
        [
            2.9529748227433203,
            1.5,
            1.5,
            1.5,
            1.5,
            1.5,
            1.5,
            9.999999999925285
        ],
        [
            9.18102740985646,
            1.6348532404180944,
            1.5,
            9.999999998080686,
            1.5,
            1.5,
            1.5,
            1.5
        ],
        [
            1.5,
            1.5,
            1.0010000000264678,
            1.5,
            1.5,
            1.5,
            1.5,
            1.5
        ],
        [
            1.5,
            9.99999999930501,
            1.5,
            9.999999999988182,
            1.5,
            1.5,
            1.5,
            1.319981836179668
        ],
        [
            1.5,
            1.5,
            9.99999999994895,
            1.5,
            9.999999999846711,
            1.5,
            4.468798727684743,
            1.5
        ],
        [
            1.5,
            1.5,
            1.0010000001181931,
            1.5,
            1.5,
            1.8817900890547536,
            1.5,
            1.5
        ],
        [
            1.5,
            1.5,
            1.5,
            1.5,
            9.999999999109185,
            7.169900283864197,
            9.999999999983494,
            1.5
        ],
        [
            1.5,
            1.5,
            1.5,
            1.5,
            1.5,
            1.5,
            1.5,
            1.694244548218961
        ]
    ]
}