{
    "initial_price": 280.99,
    "order_size_model": {
        "round_numbers": [
            1,
            10,
            50,
            100,
            200,
            500
        ],
        "round_probs": [
            0.008644400153488165,
            0.0017085789446699992,
            0.0005958127343217793,
            0.7981105275730362,
            0.1770169634771277,
            0.01392371711735614
        ],
        "geometric_p": 0.00013487913228279403,
        "p_round": 0.3226464880865242
    },
    "u_shape_bins": {
        "0": 1.61,
        "1": 1.2,
        "2": 1.03,
        "3": 0.95,
        "4": 0.84,
        "5": 0.77,
        "6": 0.75,
        "7": 0.68,
        "8": 0.68,
        "9": 0.68,
        "10": 0.73,
        "11": 0.87,
        "12": 2.21
    },
    "mu_base": [
        0.0,
        0.0,
        0.18909829349922805,
        4.2150182760442165,
        0.0,
        0.0,
        2.5274189369738758,
        0.17586690564320615,
        4.280181496585817,
        0.07731325531009628,
        0.0,
        0.0
    ],
    "alpha_matrix": [
        [
            0.0,
            0.0,
            0.0,
            0.0,
            0.0,
            0.0,
            0.0,
            0.0,
            0.0,
            0.0,
            0.0,
            0.0
        ],
        [
            0.0,
            0.0,
            0.0,
            0.0,
            0.0,
            0.0,
            0.0,
            0.0,
            0.0,
            0.0,
            0.0,
            0.0
        ],
        [
            0.0,
            0.0,
            0.057976177091097536,
            0.0,
            0.0,
            0.0,
            0.0,
            0.0,
            0.0,
            0.009453954121555868,
            0.0,
            0.0
        ],
        [
            0.0,
            0.0,
            0.04150748724717925,
            0.0,
            0.006132464767571294,
            0.013571353621766825,
            0.0,
            0.009714969844786347,
            0.0,
            0.013145910454201222,
            0.0,
            0.0
        ],
        [
            0.0,
            0.0,
            0.007343076498116972,
            0.0,
            0.022461600967167896,
            0.0,
            0.0,
            0.0,
            0.0,
            0.0,
            0.0,
            0.0
        ],
        [
            0.0,
            0.0,
            0.0,
            0.015728708105668933,
            0.0014849344953929196,
            0.004199577724425821,
            0.004295197174450922,
            0.0022329810944694624,
            0.011752053819043278,
            0.003457164561822792,
            0.0,
            0.0
        ],
        [
            0.0,
            0.0,
            0.0026155257822273546,
            0.010790496764475237,
            0.0017548412161640073,
            0.0,
            0.004376899003617374,
            0.0,
            0.01896728463943978,
            0.0,
            0.0,
            0.0
        ],
        [
            0.0,
            0.0,
            0.0,
            0.0,
            0.0,
            0.0,
            0.0,
            0.04671006124358531,
            0.0,
            0.008872628068661528,
            0.0,
            0.0
        ],
        [
            0.0,
            0.0,
            0.014104776438041255,
            0.0,
            0.014905349890612917,
            0.0,
            0.009905436901417751,
            0.08168605907137229,
            0.0,
            0.014458444452274205,
            0.0,
            0.0
        ],
        [
            0.0,
            0.0,
            0.0,
            0.0,
            0.0,
            0.0,
            0.0,
            0.0044893776810033086,
            0.0,
            0.021704078522775772,
            0.0,
            0.0
        ],
        [
            0.0,
            0.0,
            0.0,
            0.0,
            0.0,
            0.0,
            0.0,
            0.0,
            0.0,
            0.0,
            0.0,
            0.0
        ],
        [
            0.0,
            0.0,
            0.0,
            0.0,
            0.0,
            0.0,
            0.0,
            0.0,
            0.0,
            0.0,
            0.0,
            0.0
        ]
    ],
    "gamma_matrix": [
        [
            1.0,
            1.0,
            1.0,
            1.0,
            1.0,
            1.0,
            1.0,
            1.0,
            1.0,
            1.0,
            1.0,
            1.0
        ],
        [
            1.0,
            1.0,
            1.0,
            1.0,
            1.0,
            1.0,
            1.0,
            1.0,
            1.0,
            1.0,
            1.0,
            1.0
        ],
        [
            1.0,
            1.0,
            0.5442111277592266,
            1.0,
            1.0,
            1.0,
            1.0,
            1.0,
            1.0,
            0.13422456904066796,
            1.0,
            1.0
        ],
        [
            1.0,
            1.0,
            0.10814820660608032,
            1.0,
            0.8848936847406199,
            0.13479893063605913,
            1.0,
            0.4099252521973959,
            1.0,
            0.0514879090125848,
            1.0,
            1.0
        ],
        [
            1.0,
            1.0,
            1.1355665974568332,
            1.0,
            0.5570621571798802,
            1.0,
            1.0,
            1.0,
            1.0,
            1.0,
            1.0,
            1.0
        ],
        [
            1.0,
            1.0,
            1.0,
            0.14937781007117193,
            0.0010000000000000005,
            0.05248149477544077,
            0.06415139919543872,
            0.21657626516292558,
            0.1109909256058475,
            0.11955323818167081,
            1.0,
            1.0
        ],
        [
            1.0,
            1.0,
            0.25133456775262425,
            0.11647678641961894,
            0.01714953504597424,
            1.0,
            0.055120254882761975,
            1.0,
            0.13807556842535354,
            1.0,
            1.0,
            1.0
        ],
        [
            1.0,
            1.0,
            1.0,
            1.0,
            1.0,
            1.0,
            1.0,
            0.13062326171673524,
            1.0,
            0.10416810282216918,
            1.0,
            1.0
        ],
        [
            1.0,
            1.0,
            0.071494893570223,
            1.0,
            0.15328454513249828,
            1.0,
            0.09311026937738905,
            0.11785351960414521,
            1.0,
            0.08306779486696157,
            1.0,
            1.0
        ],
        [
            1.0,
            1.0,
            1.0,
            1.0,
            1.0,
            1.0,
            1.0,
            0.17727393290182647,
            1.0,
            0.5082710504259919,
            1.0,
            1.0
        ],
        [
            1.0,
            1.0,
            1.0,
            1.0,
            1.0,
            1.0,
            1.0,
            1.0,
            1.0,
            1.0,
            1.0,
            1.0
        ],
        [
            1.0,
            1.0,
            1.0,
            1.0,
            1.0,
            1.0,
            1.0,
            1.0,
            1.0,
            1.0,
            1.0,
            1.0
        ]
    ],