{
    "initial_price": 280.87,
    "beta_spread": 0.215,
    "empty_level_prob": 0.962,
    "lo_size_model": {
        "round_numbers": [
            40,
            80,
            100,
            120,
            160,
            200,
            240,
            280,
            300,
            400
        ],
        "round_probs": [
            0.5656872574618791,
            0.06704961843073327,
            0.3213891573738802,
            0.015450309438970557,
            0.005322314228422222,
            0.015489981101862404,
            0.0010954788730362527,
            0.0009097433604062378,
            0.0029293916530821274,
            0.004676748077727607
        ],
        "geometric_p": 0.0014739454094292806,
        "p_round": 0.995719436344571
    },
    "mo_size_model": {
        "round_numbers": [
            1,
            2,
            3,
            4,
            5,
            10,
            20,
            40,
            80,
            100
        ],
        "round_probs": [
            0.22547818712899276,
            0.0642042777725431,
            0.04601903326109488,
            0.04334306982003203,
            0.057872420616225384,
            0.05973805709978328,
            0.054706492038066525,
            0.23714312635447093,
            0.04995759917082823,
            0.16153773673796287
        ],
        "geometric_p": 0.01664850247600624,
        "p_round": 0.5205053507145729
    },
    "co_size_model": {
        "round_numbers": [
            20,
            39,
            40,
            80,
            100,
            120,
            160,
            200,
            300,
            400
        ],
        "round_probs": [
            0.0013863806153646546,
            0.0018383930122231687,
            0.5778340235590536,
            0.04858400838734114,
            0.3308824914253667,
            0.01012842592960744,
            0.007924865494922185,
            0.016028652563600865,
            0.0022171626595907197,
            0.0031755963529296054
        ],
        "geometric_p": 0.007827326003231628,
        "p_round": 0.9679345585874637
    },
    "u_shape_bins": {
        "0": 1.52,
        "1": 1.22,
        "2": 1.04,
        "3": 0.97,
        "4": 0.81,
        "5": 0.75,
        "6": 0.72,
        "7": 0.66,
        "8": 0.67,
        "9": 0.69,
        "10": 0.75,
        "11": 0.9,
        "12": 2.3
    },
    "mu_base": [
        0.1172354613155475,
        0.327520604770497,
        0.019182747178093644,
        0.25993685839103947,
        0.24346615949833458,
        0.1052283205832325,
        0.31257696876126695,
        0.034690883207335495
    ],
    "alpha_matrix": [
        [
            0.00215516348547415,
            0.0,
            0.0,
            0.0,
            0.0,
            0.0,
            0.0,
            0.0007880869723189462
        ],
        [
            0.003936170018626985,
            0.0003749345690577233,
            0.0,
            0.0042443239419279275,
            0.0,
            0.0,
            0.0,
            0.0
        ],
        [
            0.0,
            0.0,
            0.00030562520089341623,
            0.0,
            0.0,
            0.0,
            0.0,
            0.0
        ],
        [
            0.0,
            0.002664096264908608,
            0.0,
            0.0007157009710118074,
            0.0,
            0.0,
            0.0,
            0.0007081711910187277
        ],
        [
            0.0,
            0.0,
            0.00022941005103681327,
            0.0,
            0.0009192895125707627,
            0.0,
            0.002321527851147176,
            0.0
        ],
        [
            0.0,
            0.0,
            0.0003805819425698572,
            0.0,
            0.0,
            0.002253453551915713,
            0.0,
            0.0
        ],
        [
            0.0,
            0.0,
            0.0,
            0.0,
            0.004428992415920974,
            0.004619230972379677,
            0.0002757042603798944,
            0.0
        ],
        [
            0.0,
            0.0,
            0.0,
            0.0,
            0.0,
            0.0,
            0.0,
            0.00019682441845407294
        ]
    ],
    "gamma_matrix": [
        [
            0.20120045445035434,
            1.0,
            1.0,
            1.0,
            1.0,
            1.0,
            1.0,
            1.145439972283962
        ],
        [
            0.5256532091313328,
            0.6213897372520191,
            1.0,
            0.6371795285564575,
            1.0,
            1.0,
            1.0,
            1.0
        ],
        [
            1.0,
            1.0,
            0.7194805763953732,
            1.0,
            1.0,
            1.0,
            1.0,
            1.0
        ],
        [
            1.0,
            0.5543471444494061,
            1.0,
            0.08481988701305261,
            1.0,
            1.0,
            1.0,
            2.2817090523690795
        ],
        [
            1.0,
            1.0,
            0.2584436671268709,
            1.0,
            0.12410387206616735,
            1.0,
            0.646740043973234,
            1.0
        ],
        [
            1.0,
            1.0,
            1.4593663901590836,
            1.0,
            1.0,
            0.262974889724603,
            1.0,
            1.0
        ],
        [
            1.0,
            1.0,
            1.0,
            1.0,
            0.6830309095096234,
            0.665584366032953,
            0.08499347130659271,
            1.0
        ],
        [
            1.0,
            1.0,
            1.0,
            1.0,
            1.0,
            1.0,
            1.0,
            0.324762870526435
        ]
    ],
    "beta_matrix": [
        [
            1.9999999999999842,
            1.5,
            1.5,
            1.5,
            1.5,
            1.5,
            1.5,
            1.9999999999999998
        ],
        [
            1.9999999999998184,
            1.015753528881699,
            1.5,
            1.9999999999999993,
            1.5,
            1.5,
            1.5,
            1.5
        ],
        [
            1.5,
            1.5,
            1.0010000077374661,
            1.5,
            1.5,
            1.5,
            1.5,
            1.5
        ],
        [
            1.5,
            1.9999999999999971,
            1.5,
            1.9999999999997469,
            1.5,
            1.5,
            1.5,
            1.1696427368833302
        ],
        [
            1.5,
            1.5,
            1.9999999999998852,
            1.5,
            1.9999999996667404,
            1.5,
            1.9999999999246623,
            1.5
        ],
        [
            1.5,
            1.5,
            1.001000000000005,
            1.5,
            1.5,
            1.9999999493358174,
            1.5,
            1.5
        ],
        [
            1.5,
            1.5,
            1.5,
            1.5,
            1.9999999999999953,
            1.9999999999998757,
            1.99999999988981,
            1.5
        ],
        [
            1.5,
            1.5,
            1.5,
            1.5,
            1.5,
            1.5,
            1.5,
            1.595438642611751
        ]
    ]
}